TF,std,mean
PCGF2,216.15912154799844,455.15
FLYWCH1,320.7038749787466,727.3176470588236
RBPJL,309.4778047535643,818.1970588235295
GLMP,336.74155237262664,744.2294117647059
NR2E1,280.79141454703984,668.6235294117647
TOPORS,334.9871975983869,697.0588235294117
ZNF706,280.0587455336436,880.182941176471
ZNF598,297.6401868147245,803.7907647058823
KMT2B,225.06143338911855,404.38235294117646
WIZ,267.569594970609,776.0025294117648
HEY1,272.54092949739726,650.7717647058826
HAND2,256.33779130535015,681.3217647058825
FBXL19,322.4413514587197,791.5823529411765
ZNF639,196.21726944576113,592.7523529411772
MAZ,163.63833833293276,496.7329411764706
TBP,120.26809213328836,357.5470588235294
ZIC5,240.60614570176807,740.2323529411766
SGSM2,342.7130840759766,728.7382352941177
ZNF410,284.76332792565626,716.3933529411764
MTERF3,347.1869165086423,795.1941176470589
ZNF488,315.0442819525849,613.2264705882353
ZNF98,298.937598490901,810.1911764705881
NFYB,171.13002335604114,442.4176470588236
FOXS1,297.65223596215156,735.0364705882351
RFX1,203.9356974815214,673.9870588235303
POU5F1B,320.16348101727203,814.5470588235294
HSF1,125.64290981441886,423.5294117647058
INSM1,280.7003440789279,741.5223529411763
KCNIP3,355.6317869398135,635.2323529411765
NEUROD1,199.48355658479764,610.7811764705891
MEOX1,338.07786699604657,687.7186470588236
ZNF418,261.390749677672,687.1335294117647
ZNF618,286.65134030972354,688.9110000000001
KDM5B,127.31321651423094,399.9588235294116
ZNF74,255.44606182774996,742.7223529411763
THAP5,270.08167733694853,738.6892352941177
DACH1,214.2912392939846,535.1351176470588
ZIC3,199.14010203129467,594.3276470588245
GATA5,297.06444760343476,688.6623529411764
ZNF428,272.2200645633165,673.9521764705883
ELK1,126.69040615408201,383.7705882352941
PRDM8,271.1744042012608,626.0117647058826
ARGFX,257.31342446320247,842.164117647059
HMGN3,187.91151478592332,476.8611764705888
ZFPM1,261.0596493057652,785.3611764705882
ZBED4,277.10959018689124,831.2170588235292
SP5,256.2321352383132,679.9488235294118
ZNF587,276.7088418519856,745.1364705882355
SOX12,267.88048690903236,769.7276470588235
TBPL1,312.30387349157553,911.635294117647
FEV,312.7116705128029,760.7919411764705
ZIC2,229.5456466734182,735.9152941176468
ZNF556,268.6910478095427,797.9847058823531
ZNF727,318.70016880812796,776.2058823529412
HEYL,315.5180225534438,674.687
ARHGAP35,301.1499864092735,932.3441176470589
NPAS3,308.340893886979,704.7882352941177
SOX2,168.63927554760903,447.33176470588234
NR2C2,180.05433492099726,542.7329411764708
LEF1,217.3126059877737,578.3164705882363
ZNF517,277.2765496875156,804.2141176470587
SOX3,250.41373334453155,785.595294117647
NR6A1,269.45115086293004,772.2429411764705
SOX5,244.93977113246135,791.1170588235295
XBP1,211.69445634683302,606.8326470588245
ERG,178.14864611546767,434.5623529411765
ZNF653,266.5995951002667,792.8233529411763
SP8,272.7258126421273,704.8694117647059
ETS1,144.47361649744096,382.11623529411764
ZNF423,272.84573263231835,711.5931176470589
EGR3,267.26715496459354,776.2288235294118
EBF4,269.9551414649199,696.335705882353
ZNF346,265.28292009222105,813.5076470588234
ZNF8,312.732446108392,803.8617647058824
PDX1,165.1730434818995,507.87294117647065
TCF3,125.77468113475479,415.9923529411765
ZNF793,247.2828081215549,769.5729411764705
HAND1,286.80778951052275,715.8705882352941
MYT1,282.8629074081647,740.0617647058823
PAX6,147.765616440425,518.1694117647058
CXXC5,343.33787809985864,733.9705882352941
ETS2,210.08334165848254,598.5511764705892
FLI1,162.75319597460387,392.87558823529406
HSFY1,305.0196732227389,1035.5794117647058
IKZF1,172.4380725348483,427.46741176470584
STAT3,138.18175871294457,438.5629411764706
ZNF524,278.44257192038737,721.6994117647058
ZNF384,154.27353851195048,527.841176470588
CIC,248.53180175685952,756.8235294117648
ESR1,136.08486847086138,394.1358823529412
HOXA2,192.4806146004173,545.5497058823539
ZNF142,285.24543381996665,876.5923529411765
HOXA6,288.0982725144844,772.8457058823527
ZNF500,280.02798308095646,805.7641176470589
NR2F2,152.90487261566795,413.64117647058833
ZNF728,319.9099352920645,951.8323529411765
ATF4,200.43692294511902,613.6817647058832
PPARG,177.6952579880832,480.07529411764716
CENPS,300.9771398960277,946.9176470588235
MYC,131.88589035803187,414.1311764705884
ZNF676,283.9719979503428,719.9188235294118
ZNF680,242.42861143878739,646.0080588235293
CENPX,467.4026782410119,824.3294117647059
ZFX,154.0873160007489,473.9894117647059
TSHZ1,248.42494444174497,728.6829411764706
RXRA,124.23375231558462,414.1547058823528
SIX5,164.94669546217472,435.5858823529412
ZNF493,251.0935301441766,774.8711764705885
SKOR2,319.6811322458012,893.2823529411764
GATAD2A,275.9205974984692,805.4094117647061
ZNF502,270.6867121928006,795.2939411764706
ZBTB7A,172.35777446052654,468.9317647058826
ZNF264,233.44629257114806,728.5115882352942
SOX1,260.4619152189025,716.6647058823532
NR2C1,237.2701894880616,780.0429411764709
PATZ1,284.6003211062061,722.2711764705884
ZNF451,261.8146869933843,756.5500000000001
LMX1B,251.96155312822214,745.2376470588235
ZNF521,233.16852891510845,731.7741176470588
GTF2B,162.08968489122873,429.3947058823537
ZNF592,202.77765759513616,681.6294117647068
DMRTC2,293.9838968125681,836.1564705882354
HSFX1,293.3327567870935,968.3970588235294
SEBOX,261.56583507268516,910.2823529411764
ESRRA,157.96731975093272,540.9517647058823
FOXP2,124.40439674694845,453.23570588235316
HOXD10,281.4291610126622,679.2694117647058
TLX3,251.65711909534355,792.1505882352943
FOXK2,194.288447079694,665.5900000000008
SCRT1,342.10146425150134,647.0617647058823
GLI3,281.9141555229757,630.6852941176471
SOX21,280.63499694304664,709.2423529411766
ATF2,171.43205761467746,466.96352941176474
GATA3,134.00025220506058,423.35352941176467
TBR1,280.4092865800775,710.2323529411765
ARNT,162.30560313038578,488.4082352941177
POU3F2,216.7138831744438,534.1885294117654
OTX2,197.64642575919407,635.7500000000007
GMEB2,259.2283237904446,767.5070588235294
ZNF195,257.75562899632945,674.5372352941176
ISL1,246.44024807209627,728.1284705882354
THAP9,258.4936974983388,762.1352941176472
PA2G4,374.8367929333806,722.0764705882353
PTF1A,299.70873919898474,873.5129411764707
LIN28B,242.2481802555059,756.4382352941176
SP140,339.5906888353722,738.566470588235
STAT4,236.4358866758166,651.4964705882363
PRR12,292.1631686607622,744.8527647058825
STAT1,154.83851794522707,406.92041176470616
MEIS3,285.65148909051936,675.7941176470587
YY1,147.05842316965206,445.84494117647034
ZNF354C,279.0691654203475,770.3394117647058
EMX1,260.73806254087737,673.7370588235293
TFAP2D,243.64814411967532,845.4717647058823
TCF12,162.98388883838825,418.27294117647074
IRF3,166.51812055979093,448.9247058823529
HOXC5,259.53669493627996,694.4041176470588
SCMH1,319.2161815344399,800.0529411764705
ZNF503,240.62408361463875,680.05
SP110,302.03666109046543,693.8245294117644
HIC1,304.5397256503648,648.6688235294116
DBX1,250.4070130934924,773.3935294117645
HOXD4,303.1394945951978,737.6600000000002
ZNF775,265.19210701353813,701.0062941176471
ALX4,270.37368036177327,665.4682352941178
EBF3,277.793321361354,742.4545294117648
POU6F1,266.0694245972925,700.4747058823532
USF2,149.38354520076513,509.1517647058823
ARNT2,255.3182450376023,660.4478235294116
ZNF710,268.8524032339641,764.731764705882
GPBP1,309.4588768453828,751.7382352941177
HOXC9,209.31378757103835,562.4479411764715
DLX1,277.9774859612869,671.6429411764707
SRF,121.16802710801014,429.1876470588236
BACH2,209.01657921074923,579.7223529411773
RORA,248.2951466757363,682.7992352941177
MYF5,275.42416762717494,717.3041176470587
DUXA,233.1079503533192,832.9070588235292
SOHLH1,291.8805098493857,686.5339411764706
THAP11,168.55703475645657,501.8847058823528
TBX5,235.45399393735323,547.3141176470597
ZNF184,258.82398763178116,782.0894117647059
RORB,294.92670677703654,672.2866470588233
CEBPD,120.79845641130512,376.35764705882366
EN2,256.0720098219919,764.7374705882353
SALL4,194.39241596117662,545.5388235294128
GATA2,135.32796075278432,423.8401764705879
THYN1,336.791137206637,831.3823529411765
JUN,140.0848495152133,374.783705882353
L3MBTL4,345.81366295787046,849.2529411764706
SKOR1,333.244975801022,938.4029411764706
FOXP4,272.65671414406523,733.0911764705883
HLF,252.3274358698549,669.6376470588236
NACC2,346.32547737267373,684.4264705882352
ZEB1,174.12325427632354,454.55647058823496
MBD3,188.7203914295318,567.6035294117655
SRCAP,297.85544481508185,737.9325294117646
PRDM16,185.63668374069724,629.7655882352951
CHCHD3,339.23268898041874,794.3441176470589
FEZF2,234.87345782514757,790.0747058823532
ZNF416,257.9949911073421,737.4888235294119
TCF7,179.2563754493192,494.56705882352935
HOXA9,204.0128156135373,593.200588235295
HOXD9,287.19760994447296,665.7715882352942
ZNF644,194.63486605049002,528.9294117647069
MAFA,299.766929152597,711.0421764705882
MEIS2,197.3979428611296,558.9194117647068
PAX3,261.2613864240162,732.4941176470587
RXRG,299.4480396636549,763.8982352941175
IRX1,272.06872754516246,733.6419411764706
LHX8,274.09563551014145,729.3611764705882
TBX20,269.66588118572486,686.3066470588235
NFE2,195.91647353618367,537.5564705882351
IRF1,154.2522798678996,400.6524117647059
TAL1,152.9917010486853,443.4195882352943
TCFL5,223.04399487431908,820.5911764705883
ZNF280B,284.8491584413419,706.6794117647058
ARID3B,358.6387668029637,729.7941176470588
ZFP42,199.74545865371897,672.0832352941186
BHLHE40,174.84172139054684,420.99764705882416
DLX2,282.5046234478381,733.2470588235295
YBX2,274.05673925550695,794.2
BHLHA15,360.7597708819654,907.0117647058823
DEAF1,210.15093096552525,527.1279411764715
OTX1,264.8465235250797,716.8294117647059
GABPA,145.6976325972793,430.6225294117646
ZNF317,255.13867839747473,819.4452941176477
NR2F1,209.71158327347396,567.7135294117656
ZBTB41,260.7765131165909,746.3423529411765
TBPL2,293.1422880072057,1035.6323529411766
MNX1,218.89492486341632,584.4714705882361
SCML4,305.7198600043153,744.2796470588233
ZNF783,245.32732198916452,894.8229411764707
THAP1,164.73991084811334,549.355294117647
ZNF274,131.39948149387968,446.3929411764707
ZNF140,257.2781777477718,689.5194117647059
YBX1,274.66518785880135,916.3952941176468
TP53,156.21584234396414,446.49176470588236
SOX11,172.00628229001654,470.4164705882352
DPRX,257.79692374714466,739.8399999999998
MEIS1,159.17125234341853,521.6811764705883
MECP2,258.64484416638413,766.409411764706
ZNF213,270.9726057626314,871.5017647058822
RFX6,278.7775989305927,721.5817647058823
ZNF579,262.51273291114904,783.7905882352943
AKAP8L,261.32403129766254,811.4213529411765
POU5F1,165.26754389079693,461.781176470588
ZNF624,263.70574130433226,701.1617647058825
STAT5A,134.98853642322354,445.51076470588225
RUNX1,156.3766840828506,490.09647058823566
TBX10,323.3933679363264,749.4876470588235
NR0B1,184.75377863283052,567.5529411764713
BCL11B,187.4216730795583,552.8550000000009
HIF1A,182.54045175324606,488.670588235294
SOX9,162.43357561782494,422.0882352941176
SPDEF,286.4293652461667,739.5729411764706
FOXG1,286.73779571692336,677.6709411764705
ZNF10,251.5001147960563,738.1082352941177
RELA,142.74312837358156,402.279411764706
ETV4,211.46648678882147,580.6235294117656
HES5,248.18790979286484,880.2564705882353
HOXD13,186.28164423652686,559.0729411764713
RHOXF1,256.17302614657876,933.4605882352943
TFAP2A,129.551334961028,412.87941176470605
GFI1,312.94460298774555,752.2158823529417
FOXF1,271.114606695004,666.0054705882354
NEUROD6,287.81336660745114,689.824882352941
MAX,158.40204981410918,506.3258823529409
SREBF2,130.6939956865949,452.11941176470555
HMX1,267.5110582117607,721.7864705882351
SKI,322.88798391490315,849.2882352941176
MAF,202.13055247105885,583.9694117647067
ZIM3,245.53631983155128,957.7047058823528
NFATC1,165.37559112914968,488.1564705882355
DMBX1,224.91556802419208,839.8100000000001
MYOD1,184.4954954951155,467.94000000000017
DMRTB1,253.66679822368974,955.1523529411766
ZNF594,278.45035066648074,780.7764705882353
ZNF432,262.9313450005154,802.3023529411767
PGR,196.68066943803905,554.2317647058833
OLIG2,217.73794841654822,518.3870588235302
CLOCK,159.67003696526808,471.9976470588234
MTERF2,318.04886410734457,716.885294117647
HOXB7,155.8546892732619,515.9717647058823
NEUROD2,191.49956380186225,641.5952941176479
ZSCAN22,264.7764070354261,828.7841176470588
ZNF835,235.0338531769994,834.9929411764701
ZBTB40,257.1117938939123,813.7229411764707
HOXC11,206.9115301291421,582.8811764705893
SOX8,288.30267313319627,686.6205882352942
TCF15,263.63871008432193,802.0964705882352
AHDC1,285.8167626371582,705.950588235294
ETV1,184.23093104972153,571.8882352941187
ELF1,138.01331150960095,371.62000000000006
FEZF1,262.3665428707714,728.9752941176471
ZNF431,246.53331928549844,792.0229411764706
NR5A2,228.1824018739699,651.4267647058831
ZSCAN18,281.5718062863729,722.7941176470588
MXD4,243.87500933371237,717.1692352941175
HINFP,215.32589418986956,654.0988235294116
KLF2,207.53786967637626,571.5458823529419
KLF17,248.19492494586328,916.0994117647058
NME2,236.3888581767432,540.774882352941
CEBPB,158.59092815638934,420.65447058823526
SNAPC4,221.67917932244978,682.2058823529419
XPA,243.46236494609266,879.3870588235295
LHX2,192.22687748174957,582.1276470588244
NFYA,141.73446270106564,605.7399999999999
ZNF853,329.2906614445421,684.4411764705883
ZNF497,240.66682193212063,813.6452941176473
SETDB1,146.6753506786104,465.38058823529434
CDX4,270.7458991529022,719.9604117647058
GTF3A,272.56643630204877,812.5129411764707
HOXA7,273.48574833742714,761.5035294117647
FOXK1,220.87284813239546,632.0341176470596
CREB1,126.48991151939816,358.7752941176471
EGR4,278.2489798602097,750.6723529411763
GRHL2,188.3782199018234,489.0105882352942
FOXA2,131.78236409683547,451.2601764705885
HSF5,278.0440510013661,922.424705882353
NFATC2,296.59408155720433,694.7221764705884
ZBTB8A,304.2674827256515,716.4882352941177
KDM2B,346.604633875769,729.0764705882353
DPF1,316.6582058430745,705.9462352941176
BAZ2A,284.16478773518617,815.3182352941171
ZNF17,276.2550699898416,713.4517647058822
SREBF1,131.70418971669594,424.4629411764709
MYNN,181.84099182466892,590.5738235294127
NHLH2,277.25434727366155,734.673529411765
PRDM14,178.7872813528603,465.35294117647067
GLI4,325.9089091911261,727.035294117647
KAT7,309.2482805677514,833.9088235294117
CEBPA,165.01439467634418,487.11411764705895
DLX3,318.6670648886782,703.2262941176472
AHR,173.21007804625808,499.3658823529414
ZNF683,290.9287457638552,894.9364705882352
TBX21,246.57009075315725,603.7870588235303
ELK3,218.3447901271121,566.7097058823539
CAMTA2,286.5466021477832,709.6045294117647
TEAD4,138.06057295349177,415.8041176470587
ZNF16,226.21705999362973,871.9547058823529
MYRFL,419.61498351362553,761.8588235294118
GLYR1,214.88223124113222,600.764705882353
NR2F6,211.1941853711014,592.4494117647066
ZNF791,247.9541652210542,766.2170588235294
TAL2,278.62397608939216,783.0888235294117
RAX,257.02322386641043,712.0329411764707
ADNP2,258.1332569087353,791.1117647058821
FOXD4L4,327.00837508474547,915.5882352941177
RUNX3,186.64879097650194,524.464705882353
OLIG1,287.0144170987902,670.9625294117645
EMX2,262.88424702083057,735.6023529411763
LYL1,198.72017536591272,547.5682352941174
GLI1,175.3081868568787,562.0523529411773
LIN28A,294.8422576130284,902.1588235294117
TET1,213.77399185998647,502.5635294117647
BATF2,279.18370934744433,706.559176470588
ZBTB42,315.0679556006334,723.385294117647
IRX6,276.7430678773529,702.2982352941174
MTF2,229.44504156989186,493.32823529411775
SALL2,256.113654803524,703.1764705882352
NFATC3,239.6292338414732,735.3452941176471
BARHL1,277.7771232634049,721.2347058823528
LMX1A,257.98011515121743,850.9917647058824
RARB,197.8551156293843,514.7194117647068
IRF9,224.74667604509096,553.0082352941185
CENPB,254.45353158653626,760.1270588235294
KDM2A,329.1835159375153,725.3735294117647
SETBP1,255.9943776492765,705.4956470588238
FIZ1,263.91942340046404,739.6741176470589
ZNF532,279.5258317980615,729.0537058823533
AKNA,328.4974512432427,804.3033529411766
ZNF816,309.5570810032203,781.2382352941177
ZNF444,312.24459232577567,718.5007647058826
CTCF,147.06180010026245,456.2052941176472
ZNF208,255.12248590389575,832.0670588235292
ARID2,208.3770604905213,556.3647058823539
POU3F1,192.93520533152417,590.2058823529421
NFATC4,304.1408217026603,678.3533529411765
GBX1,331.700652270496,766.5441176470588
SIX6,247.32043284001833,774.7970588235293
ZNF580,283.87908524415235,716.9207647058822
MXI1,155.74425767525605,443.1200000000001
POU2F1,210.06439716712495,636.5588235294126
DLX4,193.87459550020716,546.1164705882362
ZSCAN26,330.61997591452456,835.2323529411765
ATOH7,280.5683952692294,764.2868823529411
KLF6,209.74207149474745,597.2179411764715
ZNF138,260.8963980133595,706.9364705882354
SPZ1,314.62428027616835,1128.7205882352941
NKX63,330.7561421302848,754.4441176470589
NPAS4,263.5805294484986,752.144705882353
BARX1,251.19922539182346,679.8929411764702
CEBPE,300.31381770883763,816.0976470588234
PKNOX1,195.62049932637507,732.4864705882361
REST,137.03728708819426,392.6415882352941
ZNF652,180.51334531580775,603.2517647058831
BRF2,230.597115239027,592.7423529411767
EGR1,129.5905276110176,388.19764705882363
TERF1,201.66393593398655,594.8370588235305
ZNF789,277.1494382937421,796.2611764705889
ATF6B,312.3354747689809,685.1823529411764
HOXB8,264.04957781228734,746.9094117647057
ZNF608,251.03801094196032,722.5117647058825
ZNF511,268.96920647672374,798.7070588235295
NOBOX,277.58122401597967,898.8129411764706
NANOGNB,287.79499989549004,990.9676470588236
ZNF506,283.2893009389043,769.6882352941177
PRDM6,295.1143599249312,751.5770588235292
ZNF479,268.8698391705427,958.4552941176472
GBX2,197.04114092277877,567.7670588235303
ZNF551,262.32722767252,748.800588235294
ZNF283,262.18220584605706,786.5129411764707
ZNF770,260.0389688781149,666.5631176470588
ZGLP1,311.662934312193,846.2617647058823
ZNF324B,345.6889538452898,851.75
MBD2,198.6671037491561,633.669411764707
DOT1L,253.87837697304133,851.2811764705882
RARG,203.39651427823443,610.9382352941186
ZNF682,267.1595669831869,686.9243529411766
GLIS2,299.3867403925366,627.491176470588
ZNF92,217.11829563394835,554.0429411764715
THAP4,279.64689844632807,759.0999999999999
GLIS3,281.5121878463445,678.2480000000002
SPIC,269.5410794104156,889.1011764705881
ELK4,169.34997792741726,524.1023529411766
SPI1,168.99114983159973,431.5258823529412
ZNF48,251.37377083561083,757.044705882353
MYB,143.35356188402906,436.985882352941
ZBTB17,275.534233437575,753.0929411764707
ZNF280C,276.98538598002847,685.6860588235292
NR3C1,117.15515209487731,403.82941176470564
FOXI2,254.25349601733012,930.9923529411763
STAT2,174.9390529840686,452.4588235294116
BARHL2,245.44280816172912,719.054705882353
ZNF28,250.10462680455612,703.4466470588237
HNF4G,211.37871207351014,494.4741176470587
LHX5,251.3504147862633,773.5747058823526
KLF3,192.6090411047212,577.5335294117656
ZNF287,264.65117222810954,726.4770588235297
ZBTB46,268.1863456842765,745.460588235294
ZNF829,244.1048450808071,891.6747058823532
TGIF2LX,236.89448359001022,971.387647058823
SP4,165.90169978318548,505.4482352941177
BCL11A,155.4277805910641,489.2070588235292
FOXD4,234.46495912710597,849.5464705882355
BCL6B,328.9760282272125,660.7461176470589
FAM170A,265.15825704567226,956.9047058823526
MEF2A,142.42763693259562,384.0025294117647
TFAP2C,152.11419987892916,409.9145294117648
ZUP1,262.15109152221,712.213529411765
HMGA1,312.0116610960835,767.4670588235291
FOSL2,172.82521088538402,475.5717647058825
SOX14,256.48092384261605,844.1764705882351
ZNF324,249.87514563029097,787.6552941176468
TLX2,265.6638671833942,727.8947058823527
IRF2,234.856217688128,616.051176470589
MBD4,153.802691055274,479.0941176470586
ZNF101,248.523176546758,714.4682352941176
GSX2,247.12422491784588,688.8782352941179
NHLH1,262.1475415543438,786.3888235294116
ZNF599,243.8147026557613,917.1076470588233
PBX1,191.144923641648,530.7994117647067
ZIC4,252.4911641308444,764.8394117647063
ZBTB45,278.2386553993794,781.0896470588233
PLAGL2,263.56599657315377,895.5664705882353
ZNF80,306.7729964073561,794.9364705882352
JUND,142.15128950342645,400.2762941176469
ZNF560,273.6603124689542,846.8664705882352
CBX2,177.72410978269326,549.9517647058823
TEAD1,214.07954346486568,539.835588235295
TCF21,217.261134243048,554.0597058823537
ATF1,176.05109795212772,501.1952941176469
ATOH1,297.68468323569505,748.0300000000003
ZHX2,190.47164492389388,644.4264705882363
ZBTB33,149.21287911144054,505.71176470588216
MBD1,218.63093287616653,851.1705882352943
DPF3,278.52727225692036,736.0576470588236
MAFK,158.19548463706056,487.51882352941163
ZNF514,293.8113926398598,760.9392352941177
TCF7L2,127.74515333598907,387.5005882352942
RFX4,252.65913069736402,807.0864705882353
BATF,172.10276524328614,499.55058823529396
HSF4,277.64143253899294,676.9329411764708
ATF3,152.09472367623297,388.1067058823527
TCF7L1,270.3848545077243,681.9817647058824
ZNF85,247.49316330145498,823.3364705882353
TFEC,326.2815914808817,710.309411764706
ZNF181,279.6581359813076,781.2015882352943
ZNF541,272.1498540955562,932.0452941176471
KLF16,258.26401539934176,751.9135294117647
DNTTIP1,323.9255674414348,785.9794117647059
ZZZ3,159.52416960816646,449.6882352941175
SNAPC5,320.4672406942123,862.8029411764705
FOS,157.82535991125536,573.1776470588236
PRMT3,296.6510707998253,645.4929411764706
ZNF143,156.79712264367356,487.07411764705887
SALL3,278.5343094627183,646.8137647058824
ZNF692,292.40315389532987,749.9494117647058
HOMEZ,243.6465614777773,983.9217647058828
KLF4,170.8642998384274,460.2058823529411
CENPT,260.9279934098026,739.4664705882352
TERF2,188.46894688920116,611.1741176470596
FOXC1,264.2413644625001,704.155882352941
PAX2,272.36650023269755,803.8764705882353
SOX18,335.4795378319468,666.7542941176471
ZNF670,316.7332828545237,699.1823529411764
OLIG3,264.05421771050464,781.7929411764707
ZNF543,241.2723730197816,670.8623529411766
ZNF99,241.70790570392444,916.736470588235
PRDM1,164.36474301037308,521.8035294117641
BPTF,369.75673498225933,736.8205882352942
PHF20,239.54813096334817,753.6641176470588
ZFP41,272.4896875295555,846.5964705882354
MEF2C,148.16001979872806,470.8035294117647
ZSCAN5B,276.87756304961295,882.9870588235293
ETV2,174.5233950300329,769.7311764705892
HEY2,285.4985260485834,740.8270588235295
ZNF716,271.5789936940483,895.8664705882355
PKNOX2,242.54724323702294,716.155882352941
SAFB2,310.981673850065,679.8029411764705
TP63,191.0994033744379,480.52941176470586
TEAD2,193.0389615042313,565.0473529411775
ZNF329,255.88825615560617,812.7864705882354
ZSCAN5A,230.30132678976844,967.4217647058824
ZNF391,260.6511721576622,822.1782352941176
E2F7,215.08705097562128,465.6223529411764
HES3,275.9968317228689,741.1760588235294
GATA4,160.76737284427324,446.68941176470577
POU3F3,270.35696213773616,657.4784705882353
TERB1,309.1301608160224,1031.7441176470588
AEBP1,355.3372850012759,695.7294117647059
FOXM1,184.4166967992599,437.56258823529396
ZNF749,273.4176771820256,637.0823529411769
ZNF516,254.17876509277144,770.0382352941177
THRA,188.22854673079118,511.5894117647067
ZNF681,278.40449509225596,826.6599999999997
CREB3,202.2470217519117,625.7017647058832
SMAD3,166.3175805826303,508.37529411764706
GATA1,172.8697904752772,462.716294117647
ZNF513,258.1024133590409,898.5041176470586
NRF1,151.11435385668872,488.4341176470588
ZKSCAN2,235.14035799915783,788.994705882353
ZNF248,255.08698413436355,766.7452941176468
HOXD11,285.8491923960251,759.3978235294119
ZNF649,264.68302810571737,655.0176470588234
GLI2,284.7505556375426,667.3062941176469
ZNF3,238.31880561475103,975.3729411764704
ZNF219,252.0321340513953,710.4282352941177
HOXB6,274.18099294779574,760.6223529411764
GTF2I,404.8946098797087,1007.8470588235294
PAX5,190.81055186701272,520.0705882352939
CEBPZ,188.78142528106972,477.6211764705882
HOXC13,254.38065087210043,680.539411764706
NFE2L2,174.7670788695511,459.3388235294116
MYCL,321.5854490689937,774.7794117647059
PHF1,310.85365997570693,900.0970588235294
POU4F2,177.2204211408358,664.6258823529422
ZXDC,259.9777471032122,788.5441176470591
MYPOP,331.975696452549,664.0294117647059
CDX2,196.00310591244045,521.2341176470584
CUX1,126.87211992859496,466.7388235294117
SMAD5,200.87135495980178,508.11147058823605
KLF1,193.00292521530278,557.5905882352936
THAP8,255.96759686388876,776.2664705882349
UNCX,258.48478543644154,749.1176470588235
ZC3H8,189.39502269594593,637.6758823529419
MYOG,247.29081888701955,592.686470588236
ZNF750,264.5116148290682,596.1585294117652
POU2F2,200.32598162154324,508.9952941176469
PREB,300.8189182665468,767.4845294117647
NFX1,258.68234139783317,767.271
TSC22D1,262.11769751355695,752.6458823529415
GFI1B,184.04553985168155,529.6905882352944
NANOG,150.09992348620264,423.8937058823532
SOX30,265.8618409173633,923.1623529411762
KLF5,175.74964342874895,468.6694117647057
ZNF563,228.51095241166212,1007.7564705882352
DZIP1,276.6302581566487,737.5692352941178
GATA6,167.67421613563704,466.37647058823524
VAX1,278.78376304105103,777.551764705882
ZNF211,242.2104131531487,755.9570588235295
FOXR2,255.11138118536144,844.8305882352942
THAP7,311.7399026215021,768.7445294117647
NPAS1,259.06944057938654,657.9341176470587
JUNB,223.18716912311606,600.1605882352949
MITF,152.48803740291234,449.5458823529412
ZNF729,362.7323332184907,858.5
ASCL4,272.3234462145376,815.7070588235295
FIGLA,252.0540030921252,782.1152941176473
PEG3,319.90189873969837,715.4058823529411
SOHLH2,244.9503302613855,878.9764705882358
CSRNP2,321.02670294622675,899.0911764705883
ZNF554,266.33386314324497,831.9499999999998
HNF4A,184.5364908455845,422.1776470588236
ZNF565,246.6125984640634,826.9135294117647
HDX,247.17824731074725,675.5482352941175
KLF13,185.1293187062015,615.6494117647069
KMT2A,236.20192505772394,564.7711764705882
CREBZF,283.2567918001964,876.8823529411765
ZNF19,265.2638871330134,842.2976470588237
NCOA3,186.3412858579005,580.9388235294125
SCRT2,272.2758644487146,730.0223529411768
SALL1,195.60525197132196,578.3144117647066
ZNF420,252.42064732360203,693.1999999999999
RUNX2,158.8617728124698,521.7529411764708
CREB3L1,202.98231630448882,491.63882352941266
MEOX2,298.71239021264944,634.9468823529413
HSF2,252.6779338742667,731.4041176470588
ZNF454,217.6643454180592,911.06
ZNF830,270.48982550689357,753.2388235294118
ZNF701,252.06413881436396,709.6535294117648
EBF1,155.14449485343505,454.1635294117648
MYF6,337.62086068644277,707.2587647058824
ZNF280D,262.3102200857489,738.1364705882352
ZNF267,282.9573125528203,668.9935294117647
ZNF774,235.1967999889159,781.8029411764705
ZNF609,291.5083044200354,834.985117647059
ARNTL,191.97692777822198,568.1223529411773
NR1D1,263.4224193045769,676.9121764705883
USF1,163.323002571019,493.8329411764703
ASCL1,182.70879721344977,663.4364705882361
NKX26,347.6733908105262,731.3970588235294
ZNF766,191.0414122356748,715.3894117647069
SRY,198.28352056329672,607.3776470588243
MAFF,149.73576901827636,462.93176470588224
ZNF366,257.0209751767771,832.6523529411766
HOXA10,301.3315805593478,729.421176470588
SMAD1,140.8147333969843,477.14941176470575
REPIN1,262.7838046475335,792.2982352941177
AKAP8,259.1890651793159,847.0905882352939
ZNF687,269.8002455931097,797.6247058823527
ZNF708,255.11715013445368,740.2782352941176
ZNF263,132.27469420270222,480.8288235294119
PROP1,246.41314250494963,887.9376470588235
ZNF574,283.326969095753,860.2017647058825
RAX2,263.25821649085856,801.5905882352939
ZNF382,245.03072843448012,776.2547058823528
ZNF395,272.67948508933216,689.5317647058824
FOXN1,344.13304256832174,733.7376470588237
ZNF23,238.6510950840666,778.195294117647
ZNF439,251.2492709456359,737.4982352941175
ZNF316,283.3088308101895,740.0894117647059
OSR2,295.05206235693225,632.0435294117646
ZNF711,262.72390980684963,699.3170588235296
CREB3L2,279.8042215154489,634.8639411764706
ZKSCAN8,329.31348816272816,818.2441176470588
DLX5,263.40651008766105,710.2776470588236
ZBTB18,356.4366339797474,762.9147058823529
NFIC,152.45179170346125,448.9258823529413
RARA,160.63967435220758,503.61058823529413
CREM,157.0363166254765,551.2305882352942
DBX2,305.50930693268367,727.5107647058823
HIF3A,273.2339991458689,818.626470588235
HIC2,256.2307572992563,849.8560588235296
HSFX2,360.48068905855155,1290.2941176470588
ZNF438,273.4326705906371,786.2470588235294
ZNF487,234.0039234612664,884.2699999999998
JRK,310.0011797946403,972.2441176470588
NR1H3,163.64675056266188,511.0764705882353
ZNF229,314.12100589349853,683.9676470588236
PRDM12,246.656980134231,812.1682352941172
ZNF415,271.849693422663,796.1537058823529
ZNF540,292.9799608773159,842.8066470588232
ZNF468,246.09047316575396,698.8858823529414
SON,340.7280744888305,783.4764705882353
ZBTB12,251.57884245314852,797.4105882352941
SIX2,187.5847945365393,570.4135294117656
ETV5,239.8472022912079,721.2670588235294
IKZF5,250.39536091934073,740.7941176470588
DMRT1,214.10075701066748,578.1979411764715
ZNF595,295.5863638656334,726.2176470588236
SPIB,244.79556799427863,623.8029411764716
TBX3,181.60676870921534,547.1570588235303
FOXO1,158.2558553927726,488.44823529411764
GMEB1,271.832485606701,827.9023529411768
ZNF212,271.6483196719202,793.3558823529412
ZNF583,230.1156549482887,857.7247058823526
ZIM2,271.28098483112166,1039.7070588235295
FOXQ1,278.7452442408948,726.9633529411767
STAT6,197.02975580207067,563.9217647058833
PURG,352.37695529312055,760.8823529411765
NCOA1,200.1129141310445,569.3405882352948
ZNF433,245.48819695256475,778.9682352941176
NFXL1,229.10633830527976,761.2029411764706
IRF4,184.69391767057198,537.9505882352939
VDR,166.54942832857463,499.21058823529387
ZNF689,249.5627098965338,881.5064705882352
ZNF385C,245.84921778780952,890.2535294117649
SOX6,201.24776186976072,549.0885294117655
E2F1,177.92344810897106,427.86723529411796
ZNF425,252.75646609080758,853.7282352941179
PRDM5,183.05876810339788,552.460588235295
FOXD4L1,248.378845472214,835.0907647058825
ZNF34,255.43885738979,798.0158823529409
ZNF566,244.4897842896466,853.364117647059
ZNF217,132.26091484070616,466.03823529411756
IRF8,235.90162454270325,569.0176470588247
EN1,248.6426917348468,745.4564705882352
ZNF358,259.54267651683494,645.5837058823529
ZNF528,265.6019109276312,825.159411764706
MLXIP,265.56409118314747,732.8935294117647
ZBTB47,258.15708094298407,677.0370588235296
SOX10,214.71759205355792,532.0400000000006
ZIK1,248.68263598611466,748.8070588235294
TFDP1,257.71412258730265,623.4620588235302
NRL,271.56475364232097,680.285882352941
MYBL2,185.76477002519354,434.0171764705884
ZNF197,179.89520933920193,600.7200000000009
ARID5A,345.3639116556171,714.2558823529412
HMBOX1,207.09213775602873,620.1094117647067
FOXA1,160.2698799909101,425.2023529411766
GSC,262.62275939858694,774.7551176470585
ZNF596,237.29581923626495,997.1488235294117
ZNF575,241.17858389288298,728.8629411764706
ZNF112,330.60998581696435,830.3
ZNF665,231.68818014146547,841.4741176470591
BATF3,298.2959312836838,738.2068823529411
ZNF473,251.86591459526878,864.999999999999
ZNF335,198.99626561360068,617.6923529411774
CC2D1A,338.18690885399866,662.6558823529411
HES1,192.24766230575017,661.0135294117656
HOXD8,281.7398928106883,679.5157058823528
ZNF491,244.95778279084848,953.5058823529417
FOXO6,258.68687767419016,845.5423529411769
FOXF2,258.21343631114854,724.3335294117647
TGIF2LY,253.47166427222476,941.4329411764708
ZNF354A,222.5855880267531,769.1729411764703
MKX,303.8790418306587,631.4684705882352
AIRE,262.075807126147,855.2176470588239
SP2,166.64715291077837,479.53647058823486
ZSCAN1,275.3873803706145,781.0233529411767
PHOX2A,268.96997471002203,724.0705882352943
CENPA,416.22965745011146,763.2352941176471
ZNF202,291.30133082080874,790.3341176470586
ESR2,169.13353036882606,484.9576470588238
ZNF875,230.22116925936226,907.75
ZIC1,252.12229504043597,722.4594117647057
ZNF281,247.36183315100564,775.1917647058822
ZNF627,244.6996538845351,723.9398235294118
RFX5,179.1426084226025,551.6588235294117
KLF10,262.673920200764,720.6588235294121
ZNF589,203.3881282007478,598.3041176470598
ZNF821,241.9579828215974,926.5452941176471
ZNF703,249.24985017456515,731.8447058823532
ZNF33B,253.68836050111113,739.666470588235
HOXB4,196.815576788577,586.2523529411775
OSR1,366.122888451831,641.9088235294117
RBCK1,318.31372109101244,722.3264705882353
ZNF696,265.28867444685017,854.6182352941179
BBX,258.41949801111105,676.7094117647058
ZSCAN29,236.91748835816418,954.4099999999995
ARX,249.42996641370993,760.2629411764707
ZNF705G,286.21368268226155,1165.5058823529412
E2F4,144.67838851119507,404.23158823529417
ZNF880,296.9160883083726,860.3264705882353
RBSN,349.11130634845847,784.114705882353
ZNF24,206.32322736091814,635.935882352942
NKX32,319.2884826121751,767.0911764705883
PPARD,193.3746507746483,546.3038235294126
RHOXF2B,277.9984797177453,944.2633529411759
DACH2,310.19249773525416,753.2776470588235
E2F6,145.8174918664256,456.45647058823516
PRDM4,238.82849431644996,781.8084117647059
ZBTB24,246.8421444282239,679.830588235294
MSANTD1,322.57347518587306,893.95
ZNF526,269.2524044112497,795.5229411764703
FOXP1,147.65687346425534,473.3270588235295
NEUROG3,253.7771948628166,750.0935294117647
EBF2,331.19806280341334,770.5
ZBTB4,248.18479756271554,699.6482352941176
MBD6,317.3075902371974,701.7294117647059
RHOXF2,289.335660483508,836.0647058823533
NEUROG2,256.84284717197033,706.5047058823528
TGIF2,208.52273443569695,572.4747058823538
ZNF771,257.49650601409616,800.61
ZNF865,325.3595872647075,816.9147058823529
ZBTB9,259.61092613902497,694.6676470588235
MSANTD3,329.8791100596424,718.5235294117647
ZNF846,220.6027701457133,985.635882352941
ZNF182,267.8425559391475,790.0117647058823
HOXA5,249.21046288121804,737.7227647058822
ZBTB38,263.6749060775837,728.7723529411761
ZNF582,247.13223930689043,794.6858823529409
ZNF614,299.11290929943476,656.5058823529412
TBX1,278.71381139320965,801.638823529412
MAFB,216.17662882966334,596.0538235294126
ZNF625,255.80327717874263,740.66
ZNF691,249.65177339292387,842.150588235294
PRDM2,271.27990060961946,752.3952941176473
ZNF584,185.48913379777363,694.4405882352949
ZSCAN32,296.41971705663804,997.2470588235294
ZNF512,274.56414727658455,775.5364705882351
LHX3,283.6841164437196,757.4998235294117
ELF5,167.85912148437583,507.19176470588224
ZNF512B,278.28750931470995,802.3576470588233
C11ORF95,426.76691453142246,708.6647058823529
NEUROG1,248.81916054999613,732.5300000000001
ZNF677,237.34834028180677,952.8852941176466
DMRTA2,255.45348497880704,808.6494117647062
ZNF189,261.8278926196315,818.5511764705882
ZNF251,263.090630453412,754.5304117647057
VAX2,234.06654980784594,767.3764705882352
HOXB3,275.18487054402425,742.6100000000002
SIX3,245.70956732231826,749.4976470588238
ZNF343,252.4639258457796,862.5252941176471
ZNF578,236.87381151421943,805.8952941176468
PRRX1,342.14218485247443,656.3727647058823
HOXB5,264.87480484543534,716.4335294117648
ZNF777,289.6549620425154,823.1976470588233
ZNF7,261.74880507707377,865.4858823529414
ZFP28,284.0477283525579,765.8500000000001
SP140L,398.39305633012367,772.1558823529411
TFAP4,199.1499697299473,637.450588235295
DMTF1,284.8318450985572,723.0300000000002
CXXC1,284.38458033662874,734.0241176470588
FOXJ3,252.12718980682868,836.6705882352944
SOX17,234.3543112805956,525.1082352941186
PBX2,193.46566058507076,663.0970588235303
ZNF70,258.7490332378684,850.3676470588235
AHCTF1,267.94487016866765,828.5100000000001
HOXA11,285.1272978503882,733.9829411764706
ZKSCAN1,156.5346094226246,486.1823529411767
ZNF277,263.70637350881026,768.0870588235293
RELB,219.3349722387865,613.1205882352951
ZNF704,259.849991564325,750.8292352941178
ZNF792,252.38524404108153,794.3647058823531
LHX1,314.57853755673335,746.285294117647
AEBP2,255.00149070126577,636.0741176470588
FOXN3,267.3769938623179,692.7041176470588
IRF7,311.88045030060414,767.6282352941175
ZNF626,261.3787255274825,781.9111764705885
ZNF282,261.1580453777107,903.3917647058826
MYBL1,216.87535820975074,550.0111764705891
ATF7,222.3909759323038,559.7788235294125
MSX2,259.30715501473884,718.5917647058823
ZNF362,256.3189074507421,693.4870588235297
TFDP2,260.01450897694957,783.3282352941178
ZBTB26,262.712494617318,781.5194117647059
ZNF786,250.14001878906672,856.915705882353
FAM200B,294.8081053324655,869.1235294117647
ZNF286A,247.79584378125926,696.4900000000001
ZBTB16,200.8639216898698,580.0344117647066
ZXDA,261.830573102287,762.9004117647061
ZNF799,243.5485661622906,722.6017647058824
LCORL,246.52575881676336,710.6782352941177
KLF12,248.38097680309778,691.8888235294118
EPAS1,228.8855587390866,560.0264705882361
ANKZF1,278.8354926849454,740.6488235294117
ZNF732,327.8526244793567,877.2735294117647
ZFP62,268.14671993929204,729.73
DBP,260.99103083796365,795.8676470588232
ZNF587B,334.0489622630207,684.0294117647059
ARID3A,156.38012432650044,547.6776470588235
TSHZ3,293.6285283535473,637.1723529411764
STAT5B,210.07170476294945,626.4900000000009
EHF,229.83220276719288,621.7382352941186
ZNF668,294.8270401475381,810.388823529412
IRX2,258.89123507570775,807.2152941176471
FOXL2,259.07952222125283,763.8674705882353
ZNF302,238.71326440346382,789.5811764705882
SATB1,189.68651737170745,626.6817647058832
ZNF90,249.02230360133484,837.8988235294119
TFAP2E,242.99965276302683,876.3923529411766
RBPJ,156.51729338014027,472.2082352941177
TIGD4,250.19663073814252,798.7870588235295
VEZF1,250.24988985498666,752.7394117647059
ZNF205,272.62872248864727,760.6776470588237
ADNP,230.9318320531621,556.7091176470597
HMX3,278.6478220409388,748.7423529411766
THAP3,261.2713889435148,823.0300000000002
ALX1,279.9533531339582,719.761
CRX,201.33540614998353,622.9576470588244
ZNF22,258.16586412574895,699.5757058823531
CEBPG,206.11236941798788,592.0479411764713
GRHL1,309.60411502718796,748.7976470588234
ZNF326,267.8728082984299,790.889411764706
TMF1,310.40727920810934,787.0029411764706
ZNF507,269.2906513599207,745.6988235294117
BACH1,140.80919609718072,401.15529411764686
ZNF705B,278.7193995571948,1189.7529411764706
PITX3,317.56404373760165,691.800411764706
ZNF398,279.9362020606765,836.4264705882351
TTF1,328.23434055280444,887.0411764705882
NFKB2,212.71545659581267,578.5347058823537
ZNF705A,220.6321014542844,1009.9917647058824
TCF4,163.8018792431215,442.17882352941166
MXD3,286.2680932859158,812.9317647058823
NR5A1,288.894397825009,696.81
TFEB,217.6098609723652,651.4441176470598
RFX7,295.0817248257504,759.324117647059
PRDM9,262.11282204555016,772.6847058823528
RFX2,180.37051123742904,664.2788235294125
PLAGL1,226.38508013906724,658.6341176470589
ESRRB,205.40826706394003,634.6941176470599
HOXB2,259.92032257676453,756.5894117647057
ZNF250,258.29522954217805,787.8841176470587
ZNF781,257.3305531180613,865.8100000000001
ZNF718,253.22058080109935,741.1217647058822
HOXD3,269.0361343913078,685.0166470588233
ZNF236,283.45382483104197,745.084117647059
TCF24,263.2851514318592,776.0899999999999
TPRX1,270.4597197468952,923.210588235294
RXRB,270.65871914951003,749.9229411764709
ZNF646,230.70718037649183,905.2076470588233
ZNF273,226.8182047137265,859.0152941176469
ZNF177,240.72430768005205,711.7076470588233
PPARA,278.9088838606946,699.6178235294116
ZNF629,238.6171532597659,778.9347058823529
ZNF18,238.52670533875937,846.6600000000001
ZNF628,284.3246563688822,913.7823529411764
EGR2,278.52853966315865,750.9588235294118
EOMES,170.70172635051551,530.3576470588238
MEF2D,271.0551900369092,741.2588235294121
MSANTD4,294.8839841749092,710.7911764705882
TIGD7,285.4568697307974,763.7370588235295
MECOM,210.5023693961809,637.0758823529413
ZNF234,248.71604087285877,805.9864705882353
ZFP1,252.68067886559993,716.8511764705881
ZBTB5,244.28405595695142,792.5558823529414
IRX5,275.60421700115563,743.2082352941176
ERF,264.14324059172117,774.3199999999998
SMAD4,169.52897780013166,524.0376470588233
ZNF260,260.98881013762895,703.4635294117649
MYCN,147.06772907612117,473.43411764705894
ONECUT3,242.17298542534115,853.1099999999997
ZNF253,262.462172120793,771.1531176470586
ZNF445,278.58869723347425,827.8047058823529
CPXCR1,239.63940768429592,1087.9764705882353
ZHX1,195.3752584997195,609.0141176470597
ZSCAN5C,238.6111942948453,1008.634705882353
MZF1,275.3804478747576,693.8358823529413
ZNF831,323.02237026844233,709.4960588235296
ZNF740,193.5477588867051,667.600588235295
ZNF175,187.3539368893616,622.8235294117655
ZNF133,243.59997739914058,783.8441176470589
NEUROD4,263.16845457249343,770.7882352941176
KLF8,251.8565387788306,728.3652941176472
TBX18,309.109287151103,641.9841176470587
RFX3,284.88516804338957,848.7858823529413
ZNF75D,276.87074658207086,766.9535294117645
NFE2L1,190.34428321453174,609.5188235294127
ZNF721,252.06469700832295,705.5011764705883
ZNF180,246.9234053901764,732.6635294117647
BSX,237.66184201145347,955.8476470588236
ZNF84,257.8676466058286,686.0576470588236
ZSCAN4,257.82898704179394,846.3917647058822
SKIL,255.55635830769936,692.1835294117647
ZSCAN10,303.35184798327174,775.1794705882351
ZNF132,274.42744072733683,878.7435294117648
ZNF605,250.8326482396239,744.6482352941177
ZNF768,257.7558002695036,818.8311764705882
ZNF655,275.8285195888685,711.0494117647061
MTERF1,290.4674139395638,683.4088235294117
LTF,352.34749163894065,687.7323529411765
ZNF334,225.79660082463826,694.3729411764706
ZNF780B,296.56211188502874,726.0711764705881
ZNF808,252.47933183399675,715.3011764705882
CTCFL,157.54654428148066,505.830588235294
ZGPAT,258.7256796018051,767.6547058823529
FOXI3,320.04965407541124,834.9617647058824
JRKL,226.9097765992563,902.9776470588234
ZNF207,210.5359557777539,637.425882352942
NR4A1,210.08499144394744,572.1582352941184
NR1H2,211.46090719875522,567.2155882352947
PHOX2B,260.02842516710245,732.6152941176473
LBX1,299.1084966090995,747.2621764705883
EVX2,256.46361530631066,962.3405882352939
FOXE3,260.95221769021566,688.223117647059
PAX1,262.781019650485,768.4511764705882
TCF23,248.99701607922768,797.4711764705881
PIN1,363.98458188880346,700.7558823529412
ZBED1,196.29736989432078,610.0652941176481
EVX1,262.24876341820044,867.9070588235295
HMG20A,248.3585955052984,739.9382352941177
TIGD5,251.63585793139134,746.7717647058822
ZNF280A,279.7057464599448,794.0276470588234
TWIST2,344.96047283616804,698.4617647058824
HBP1,200.3580248891642,593.9347058823539
ZNF518A,271.979858556008,755.5511764705883
ZNF763,240.05553830071878,892.9352941176473
ZNF772,260.2223034376654,790.1964705882355
ATF6,276.0552668432482,828.7017647058826
ZNF800,277.8331957161307,742.2717647058823
FOXP3,218.9344733412533,594.6326470588244
BHLHE41,353.45190160128163,707.2
ZSCAN16,242.225491741242,748.0329411764709
HOXA4,279.01365059231415,720.174882352941
NFIA,275.3105757094323,690.3582352941179
CPEB1,340.31927046164475,832.064705882353
ZNF404,240.18187052667025,725.9158823529413
ATOH8,283.41844319655877,676.4429411764706
ZNF569,244.18510309591883,754.1899999999999
ZNF664,261.7014847182268,832.8170588235297
ZNF581,266.27451139437267,709.5798235294118
CREB5,265.30287271493523,733.2411764705882
ZNF814,320.22145695045526,751.5323529411764
ZNF529,248.44178432881878,778.9835294117647
VSX1,240.7661190501939,841.8994117647063
ZSCAN2,255.42466470305956,845.7352941176471
PRRX2,312.17959929133735,627.7187058823532
FOSB,304.0325603383792,745.9623529411767
FOXD2,268.8272552768344,825.1557058823531
ZNF141,247.43050244151712,766.1399999999998
ZFP92,233.4111184933963,881.340588235294
ZNF709,257.64379811461896,806.1417647058822
TBX2,241.81641727941982,879.9470588235296
ZNF223,248.37695573937583,713.4676470588234
ZFHX4,231.2982999646038,689.6505882352943
ZFPM2,268.4390396152504,807.3552941176468
TBXT,203.71111824550118,604.3888235294128
ZMAT4,315.39539439609564,757.3519411764704
MYT1L,349.3914968548749,752.3866470588235
ZNF200,264.0329709605674,833.2082352941178
FOXN4,245.23912860389734,876.9529411764706
ZNF544,230.61595289398974,760.624705882353
HES4,259.71363533524055,749.6676470588235
FOXD4L5,246.2920530022943,771.0964705882354
NKX25,364.97634948814755,696.9264705882352
ZNF572,272.96198290134856,865.7098235294116
HIVEP1,257.19834989759414,716.5358823529413
PAX4,253.0756829529918,886.5723529411767
ZNF117,237.6217794176336,725.3623529411766
CBLL2,218.3769698304165,1082.7894117647058
GSX1,251.59728574770904,782.8376470588237
ZFP2,245.19537109540488,773.2641176470588
NR3C2,277.8668664979498,736.9023529411766
SP100,305.81178482362907,710.4232941176472
HOXB9,258.7849617173853,743.4182352941181
ZNF827,263.5130333557463,765.0082352941178
ZBTB32,268.1026357333256,805.5670588235292
ZNF222,248.85033317072046,814.3605882352942
PAX7,270.3438426323352,803.155882352941
NFKB1,226.97099135607561,584.9500000000007
TET3,204.8338594836074,660.7317647058824
ESRRG,263.70477335607,744.3805882352942
KLF14,236.70547738270125,990.0264705882353
ZBED2,253.76391968425887,738.6588235294117
ZNF737,326.5633992151089,731.3117647058823
SATB2,266.7966161193109,748.4533529411764
ZNF319,272.0476663481513,786.8762941176473
POGK,235.85150169412722,796.2635294117647
ZNF823,240.36614244748634,763.6070588235294
ZNF311,248.04141099360666,693.5505882352943
POU4F1,262.12058399347495,720.3417647058822
ASCL5,284.7549392484414,1064.0176470588235
INSM2,280.4091501922413,732.6109411764706
TGIF1,264.76921566699315,758.2082352941176
ZNF707,241.6321193818217,881.7711764705881
IRX3,259.47721953182975,769.2723529411765
ZNF385B,278.2471423492938,720.4858823529411
HOXB1,276.6126968780329,797.4970588235292
MSGN1,277.776549599644,884.0688235294117
MLX,256.91761291843386,751.6735294117647
ZNF490,271.7150815644942,886.4564705882353
ZNF536,297.2990233227188,758.7827647058824
ZNF562,243.15298784169875,792.5864705882353
ZMAT1,266.07459596962707,794.4068823529415
ZNF275,241.09067426642363,801.5635294117646
ZBTB20,250.45574338743677,816.7964705882351
TFCP2,261.44191100737254,871.7917647058822
ZNF318,209.8794491274182,645.2776470588244
ZNF25,272.95895575457354,716.4399999999997
ZNF746,291.0278055002865,771.7476470588235
ZNF547,237.98089061215424,828.2258823529406
NFIX,251.12736120843402,728.3929411764706
ZKSCAN5,234.2185114268781,793.5576470588238
TBX6,258.12444720664524,935.7070588235297
MNT,199.20960913853813,626.0223529411772
ZNF266,262.7411838990463,778.4341176470588
ZNF300,254.11462893281242,670.2788235294116
POU5F2,296.834265681426,924.4911764705882
ZFP30,259.6160680326181,824.6994117647057
HHEX,192.66286414079622,623.3400000000009
ZNF561,253.91277104488114,697.5748823529414
ZKSCAN3,249.65634281862708,784.2841176470588
NR4A2,198.8891206849587,665.385294117648
MEF2B,199.09530295188003,639.4541176470598
ZBED5,323.2079211365587,830.8352941176471
ZNF436,285.9762015612145,726.135294117647
NPAS2,274.4548294795398,773.6111764705882
ZNF14,262.5001212676033,691.1982352941176
TFAP2B,263.3335414076262,779.464117647059
ZNF787,277.640466965145,798.1529411764704
BNC2,300.001840845147,648.1717647058822
ZSCAN9,327.9111951514823,796.0323529411764
SP1,153.0570958986958,526.2647058823529
ZNF107,299.96854523105156,685.516117647059
NANOGP8,317.9265452907122,809.3235294117648
NR4A3,271.74995115664836,749.4357058823527
TIGD6,251.13162690167468,796.7358823529411
DMRT3,247.13358683178038,821.1258823529413
OVOL2,205.73094381316457,708.5405882352951
HOXC10,285.7332285392903,707.3525882352941
ARNTL2,290.4580452092887,737.4029411764704
FOXO3,207.03297372697233,601.7529411764715
ZBTB14,303.3389961846891,826.3882352941176
ZNF577,259.877247081471,727.2276470588235
L3MBTL1,325.1462395020188,788.6529411764706
ZNF157,231.1570735313504,937.8911764705882
ZBTB7B,273.17486028108954,782.8494117647057
ZNF784,297.4073756169373,759.8223529411767
ZNF496,257.25215855952763,770.5241176470589
BCL6,174.97165983641523,515.8423529411763
ZNF501,276.88105222854864,743.7823529411766
ZNF30,277.64034907607584,789.4229411764705
LHX6,257.8724479494013,674.7829411764709
ZFP91,227.86040116041602,901.531764705882
CSRNP3,386.0545539900503,756.2294117647059
NKX12,357.4366355748895,759.035294117647
SPEN,341.4381033507688,753.0294117647059
ZBTB44,266.6427032616105,734.1849411764705
BHLHE22,218.28446821340535,544.9364705882356
ZNF699,244.44886974924762,800.3088235294117
ZNF586,269.1580558621699,736.5300000000001
SOX15,289.20656830637927,821.6274705882358
CREB3L4,286.2314489899399,741.0476470588236
LHX9,256.2855402892794,745.7184117647057
ZNF71,236.75999419018916,780.0982352941177
AR,144.2473934986421,439.1188235294118
ZNF276,275.8655137653097,756.4511764705884
NR1I2,253.119736826075,602.3964705882357
TBX4,251.67565680866522,866.7935294117646
DMRTA1,240.02091620554734,728.2570588235297
ZNF75A,255.88849604589902,804.2823529411767
ZNF525,334.5805195988293,839.4323529411764
ZNF671,265.1512307438613,843.8064705882351
SETDB2,256.9951456274763,799.6876470588235
ZNF695,328.93418669740623,720.1589999999999
ZNF165,206.0169705836512,668.2117647058834
ZSCAN30,317.85491357572636,819.7352941176471
ZNF449,259.96024333380257,772.2601764705885
SOX7,317.8277893793722,706.0527647058824
ASCL2,242.91440052607967,734.7758823529413
TBX19,232.6362332166274,824.963529411765
ZBTB22,261.5398169089181,763.0776470588237
ZNF69,262.92384570857365,724.9229411764704
HMG20B,262.91957639075736,742.7088235294115
ZNF597,252.28448558984982,776.4541176470589
PHF21A,280.36321965428124,783.8572352941177
ZBTB39,277.2479624146406,825.8076470588235
ZNF337,257.73734808720565,904.245294117647
ZNF146,288.3137106951383,719.9805882352945
TEF,279.7308322253066,693.8204117647056
ZNF154,287.0000660604362,735.2960588235294
GZF1,248.98598260531986,843.1547058823533
ZNF557,230.39723531560026,859.889411764706
KCMF1,252.98319255904852,830.9952941176468
MAFG,188.75614150023037,673.2747058823538
GLIS1,278.72652452289225,642.7915882352942
LHX4,241.32691166356364,852.2929411764705
YBX3,383.23154057016603,742.785294117647
ZNF726,298.5927670320276,910.7029411764706
ZNF221,267.34844742146976,752.9652941176473
ZNF730,341.8030195548579,918.5235294117647
ZNF214,234.1222523510847,743.7888235294117
ZNF32,256.10987343141755,779.9082352941177
GCM2,253.9272293131128,860.280588235294
CAMTA1,284.92118022015114,740.8829411764706
DUX4,165.91068378732874,739.5941176470589
NR2E3,289.0739410220196,764.9735294117647
ZNF254,254.00964374122358,714.3413529411766
CUX2,286.28801839568234,730.0972352941177
ZFP69B,339.00876577690684,747.714705882353
GTF2IRD2,236.22380115288396,899.2223529411763
HOXC12,271.8157268941327,708.2907647058825
ZNF121,256.6995197372698,685.4152941176469
ZNF461,245.12956854603564,867.2317647058825
ZNF585A,255.14212242302983,758.1652941176471
ZNF430,231.72531688521903,824.6923529411771
FOSL1,181.80023667857822,477.7529411764707
ISX,344.27452723764264,813.2798235294116
FOXC2,301.90858949309074,645.9347647058825
ETV6,204.55883453322173,641.9911764705893
ZNF761,270.0352201029836,744.504705882353
ZNF641,300.59647079273174,723.7688235294116
NKX31,385.55686922720514,841.9
ZBED9,305.2661849071314,1081.9882352941177
SP9,338.8679786732084,798.4205882352941
ZNF778,244.95865170026633,781.924705882353
BNC1,290.7796706555569,714.1051176470586
ZNF471,249.7624945613795,798.8470588235291
ZNF735,310.32080455609344,1058.2058823529412
ZFHX3,256.49754665078154,749.7099999999999
PAX8,206.8052428213701,608.5217647058832
ZNF43,259.8324983894105,762.0923529411765
ANHX,356.27986005257316,859.6088235294118
NFYC,261.36914186487,817.2394117647057
ZNF662,257.4481667585753,727.1035294117647
ZNF679,204.88991402828648,965.1241176470592
TRPS1,256.70748519465394,683.0286470588237
ZNF546,258.66193472928643,934.5488235294117
PBX3,151.0576776684873,481.17764705882337
CDC5L,285.05556360741906,714.9523529411764
ZNF550,253.80590562935197,759.9088235294117
ZNF850,306.0886681825494,828.0617647058823
ZNF239,280.2951252148836,721.5750588235296
ZNF558,264.7117350131499,775.6682352941178
ZFHX2,235.9684316325269,874.7464705882353
HMGA2,306.680788367839,709.6125294117646
PROX1,235.86099015963003,597.4111764705891
IRF5,321.0024927038983,776.4321176470586
MSC,265.8724965796986,729.0994117647058
ZNF83,193.08550106235643,600.641176470589
FOXA3,329.29467838012647,772.8592352941175
SHOX2,279.64308357842674,767.6380588235293
ZSCAN31,304.061577737206,898.2882352941176
ZNF658,314.66512534257265,722.9176470588235
ZBTB10,241.36127038163497,676.7
ZNF610,237.0267459100645,955.3711764705885
IKZF3,328.64826811361615,724.9060588235292
E4F1,220.71254883133733,668.6088235294126
KIN,245.59244461803638,863.5247058823528
FOXO4,241.85880919762874,738.3858823529412
ZNF844,329.152730118056,844.7088235294118
HMX2,289.0468520501915,780.2705882352941
HOXB13,198.53760749183857,680.5682352941185
ZNF714,274.8428004837013,695.9747058823527
POU1F1,246.78044031535723,852.5176470588239
ZNF785,326.8399561752857,851.45
ZNF365,297.32035400854306,683.5425294117647
E2F5,195.63759581945382,600.861176470589
ZNF776,266.53060125984774,852.2794117647059
SP7,244.8126290651864,742.8858823529412
FOXN2,273.0076113458509,713.3558823529414
SIM1,254.67709864993552,748.0582352941178
PURA,333.7255826751197,726.3235294117648
HSFY2,285.56998347678405,976.785294117647
HOXC4,255.86676835592976,712.9642941176471
SMAD9,294.6672436588422,688.6750588235294
ZNF623,256.49526080994224,770.1847058823528
NKX61,324.19052595616597,739.114705882353
ZNF134,240.68066598889123,659.8611764705882
PBX4,266.8247528009247,838.7070588235295
ZNF559,250.82636067167405,775.0458823529411
ZNF155,262.9864352982037,811.9401764705885
ELF3,234.12531848564382,609.3611764705889
MTF1,351.19764761041137,744.7558823529412
POU2F3,247.83965464990806,738.3882352941174
OTP,251.30215982467072,761.7499999999998
WT1,207.71197104525882,575.2867647058831
SOX13,201.53435305149628,582.6867647058832
FOXL1,281.513590064282,676.2576470588235
ZNF26,270.8384703264757,749.0768235294117
CXXC4,236.70065674959045,559.1814117647057
DR1,257.0888531504258,717.2200000000003
ZNF804A,293.1237743955788,774.4133529411762
TSHZ2,285.03647830570424,739.4704117647061
ZBTB49,316.07407131990107,919.2088235294118
ZNF230,236.68739990014927,927.0264705882353
YY2,272.6582008806694,744.7411764705881
HOXA13,285.02610718229994,744.5723529411763
ZNF383,237.23617730687985,837.6141176470586
ZNF322,311.36945011907596,645.15
THAP12,317.000098285337,910.2264705882353
ZNF485,272.03341581046857,731.1939411764704
GRHL3,348.8889845902259,737.4219411764705
ZNF843,250.6142639158963,875.36
SP3,278.587656895119,760.4423529411768
HLX,298.02983951502904,762.1186470588234
ZNF518B,259.1428671334538,674.3523529411765
ZNF483,246.57207520690832,797.0794117647063
TP73,249.5005643344364,763.910588235294
HESX1,265.53766910244565,860.5786470588239
ZNF169,239.97950424724598,945.6329411764706
GCM1,218.7086261596252,759.6817647058822
ZNF215,266.4433102900676,836.4058823529411
ZSCAN12,259.82144943900107,748.5282352941176
NFE2L3,267.8871181122189,837.0170588235295
CCDC169SOHLH2,389.1589896792475,1248.270588235294
ZNF697,277.4155756758567,792.4776470588239
E2F3,268.8614015762965,808.1229411764704
THRB,255.1397647088366,701.381
ZNF256,261.4721912187164,751.539411764706
ZFP64,239.12148661422853,844.0394117647056
ZBTB48,296.6908912386105,787.9329411764704
ZNF878,364.18960047955665,851.6382352941176
ZNF44,245.58024759829937,802.1211764705879
ZNF57,261.6809207576062,743.6688235294118
NAIF1,266.0699080525836,1072.6558823529413
LCOR,293.2754854426856,705.2758823529413
GATAD2B,292.7006390761023,854.5729411764707
ZNF675,240.1582376338073,749.4082352941176
NKX28,331.9611708372125,934.1382352941176
KLF9,195.65176815945017,587.5264705882362
ZNF527,263.0029846376233,821.4435294117646
FOXR1,274.4607289545313,863.6388235294116
ARID5B,242.57497023349305,730.8223529411765
ZNF226,232.42842234566922,758.1764705882355
HIVEP3,264.9675376193611,725.0380588235295
ZNF660,263.2417848129229,833.7135294117646
LBX2,272.0265017167789,819.2229411764704
ZBTB43,249.91252121006355,696.0270588235292
SNAI1,294.7155080931771,765.6801764705882
TFCP2L1,281.06114796148006,747.6613529411765
DDIT3,267.3014822183028,851.0905882352939
ZNF534,318.32950140869383,957.2205882352941
NKX21,335.027402290344,801.6647058823529
AHRR,305.6266141122887,791.4235294117647
ZNF233,249.70062078872843,839.3211764705884
E2F8,318.67149409482045,746.405882352941
CASZ1,260.4301172972801,764.4852941176471
FOXJ1,303.29977375327655,917.075294117647
ZNF576,239.79786433576308,806.5276470588236
ZBTB21,345.58247400089886,815.0264705882353
CHAMP1,337.86561798732987,768.9852941176471
NFIB,200.2898242729136,533.6429411764715
SLC2A4RG,267.30361474542923,645.2219411764706
PLAG1,269.04788324625406,774.4400000000003
ZNF571,245.64527553703357,775.1670588235296
ZNF705E,281.194187872142,1126.1029411764705
ZNF350,236.65988162074177,892.2841176470589
ZNF100,262.1729566648788,752.6235294117645
MYRF,361.62674431177163,685.8323529411765
BHLHA9,284.20628616564215,1010.885294117647
FOXJ2,192.90007194671645,621.9105882352951
ZNF836,228.13251839257342,865.7052941176469
DMRT2,255.10342178306797,780.364117647059
SNAI2,239.63913720019585,521.5055882352949
ZSCAN21,235.67782010767706,812.7629411764708
ZNF567,260.6220227889758,830.9264705882352
HOXC8,288.7715377917906,736.6729411764704
THAP6,240.02394971580173,906.8964705882353
ZNF845,260.5111067583335,718.8445294117646
POU3F4,269.93777590865835,776.7788235294119
RLF,289.4986993965857,781.750588235294
ZBTB2,281.1526061123622,717.5558823529411
ZBED6,452.8073451100258,686.2411764705882
ZNF232,266.7374057381332,862.7588235294118
TFDP3,314.5840570567227,888.681588235294
ST18,299.10771203817205,754.5820000000002
SIX4,270.3429723707795,736.755294117647
ZNF474,305.95453237696097,863.0123529411758
FERD3L,247.40919454855194,907.7817647058821
ESX1,272.4657752196839,833.3088235294117
PRDM10,242.46136329509372,931.2511764705881
ZNF227,245.60979069818902,736.7982352941176
ZNF891,316.92302233887864,844.3705882352941
CDX1,324.35998006205153,809.3570588235297
ZNF419,244.00633865651875,820.9917647058824
FOXH1,271.8310768278992,824.028411764706
ZNF674,258.206621529485,891.7664705882356
HOXD12,248.0177066656746,854.8429411764708
ZNF79,252.25909171029826,822.5552941176469
PRDM15,236.82728568303915,823.4352941176473
FOXD3,241.2915082488623,712.1723529411764
ZEB2,211.85521964339148,566.5452941176478
NKX24,325.1135425106783,955.1470588235294
SIM2,237.66318233014997,818.5411764705879
NCOA2,231.11345500569112,631.9873529411773
HES7,243.59189169371174,858.155882352941
MTERF4,317.2399825742061,885.1235294117647
NKX11,266.70699065697096,1202.235294117647
DLX6,259.6686234240677,719.1282352941175
ZNF841,270.0099801019984,754.4894117647059
ZNF347,257.52260144390806,847.5100000000001
ZNF408,310.00215357774016,786.5380588235295
DNMT1,359.9859780886839,858.5823529411765
ONECUT1,235.05122742520783,599.596470588236
ZNF385A,259.4266775340561,747.0411764705882
RBAK,267.0810245817017,758.3364705882354
NKX22,306.14033714994497,824.8441176470589
IRX4,316.46169730190564,727.0482941176471
ZNF620,232.1298763117436,892.1129411764705
ZNF470,222.57715397270272,735.4170588235295
IRF6,310.31366338564334,751.5257058823528
ZFP14,239.68346006533207,836.0635294117644
SCX,434.7040015370398,688.0705882352942
CREB3L3,335.18794934568353,746.3429411764707
ZBTB11,218.84126376774233,581.850588235295
ZNF860,314.1640970048137,790.0058823529412
ZNF407,279.40115167240265,744.010588235294
RORC,273.4136649940945,767.599
ZNF555,245.85433529517417,899.2300000000006
NFAT5,311.66162984154636,684.7858823529413
ZNF148,268.00411715983455,661.5284117647058
TWIST1,240.74656453599874,571.4888235294127
ZNF837,271.231161404459,791.8705882352941
ZNF705D,201.2905862324732,1137.5564705882352
ZXDB,241.60953443485934,756.7494117647059
ZNF77,244.92741942945983,807.9147058823531
ZNF654,273.65687917538986,653.5735294117648
MESP1,285.3910983493622,774.683529411765
THAP10,270.9994849799173,759.5947058823529
ZNF460,246.4925029158794,699.3494117647058
TBX15,279.2507861541293,715.7505882352941
ZNF879,357.0486984912933,779.0705882352942
ZBTB25,259.77002704894727,798.6576470588235
SIX1,298.7530788335061,733.5854705882352
ZNF136,283.7216938552274,756.9970588235295
ZNF35,250.41242689547687,730.3335294117647
PROX2,249.48149948882198,836.4547058823525
ZNF93,310.61959684693636,738.7088235294118
ZNF441,257.92954502067056,854.5935294117645
ZNF717,254.0029868058643,801.3511764705879
FOXI1,259.81634791775224,871.3223529411764
ZNF367,366.5304910865776,727.0094705882352
TLX1,254.5273873473154,815.2211764705881
POU6F2,236.86259457177837,828.1070588235294
RAG1,241.73422891939924,797.8764705882353
ZNF672,274.1603646913596,775.1894117647059
ZNF780A,245.72189228843357,749.8641176470587
FOXB1,247.74970286441274,750.9229411764705
DRAP1,269.0151671724348,784.0029411764706
DRGX,251.1068775245558,768.6235294117645
RREB1,268.2770532774106,783.4317647058825
ZHX3,284.728636318369,657.2925294117646
ZNF804B,256.22558027608727,939.7405882352942
ASCL3,281.4305125763376,809.6741176470587
ALX3,236.97427476438122,876.114117647059
SNAPC2,337.54088850045457,720.864705882353
HNF1B,215.7319864787305,565.2380000000002
ZNF91,242.50382205391182,751.6958823529415
ZNF257,249.33184693063018,845.2676470588239
SOX4,222.02062185008927,681.3674705882353
ZNF235,234.3250322150616,756.7458823529411
JAZF1,235.23981888963593,675.8058823529411
PITX2,282.64305923772355,777.4723529411764
ZNF600,217.1447904081336,814.384705882353
PITX1,293.1105685702716,774.4635294117649
ZBTB6,246.87925074197628,815.4870588235293
THAP2,264.30762523769295,754.1352941176469
ZNF124,238.20125048879143,762.5441176470588
FOXB2,244.72853877693444,828.8789999999999
ZNF284,259.0176253337864,791.3217647058826
ZNF568,228.14820705372824,863.6229411764702
NKRF,268.15621227243525,815.5117647058823
ZNF764,254.63654402106548,887.1941176470586
ZNF607,234.7709962727837,833.4911764705879
ZNF615,286.2034833785502,753.7111764705884
ZFP57,241.28916653442568,853.5335294117648
TIGD3,264.4007503861018,798.6
ZNF174,268.96306023693165,852.9182352941178
SP6,285.5053413226678,741.5158823529409
ZNF747,236.2166976776776,843.1047058823528
ZNF426,262.8334667377473,799.9441176470589
ZBTB1,248.29079990775023,728.3535294117648
MXD1,293.6640505310721,725.5780588235295
SMYD3,321.1019522925674,789.1117647058824
ONECUT2,266.52906584028653,747.9882352941174
ZBTB34,277.963540924324,874.1876470588237
ZBTB8B,332.5504563675743,848.8558823529412
KLF15,281.0123455135252,794.9205882352941
ELF2,264.56619773045907,735.7835294117646
GTF2IRD2B,243.077739878489,883.2970588235297
ZNF519,235.89844312362845,791.5941176470585
GSC2,235.91915632019052,947.523529411765
ZNF678,265.4175242356697,708.9842941176471
ZNF385D,310.4589212160241,762.2564705882354
ZNF805,268.77760315654996,732.21
IKZF2,274.8666444397141,783.4141176470588
HOXA1,269.06414587971625,745.8176470588234
FOXD1,349.105572434526,724.0441176470588
HES2,294.7765341555488,874.0000000000003
TFE3,297.5780539953023,820.6558823529411
ZNF552,242.03357397206338,838.1841176470591
ZNF883,347.45024565748787,706.8676470588235
BARX2,305.1883674364363,818.7270588235294
ZNF585B,259.75312179305786,856.8470588235296
ZNF713,233.4240272219442,892.6764705882349
ZNF480,245.0079643313637,768.9699999999999
ZNF782,269.91468655696326,763.8947058823528
ATMIN,251.49615693141408,900.9311764705885
UBP1,269.03718254428685,821.909411764706
TIGD2,258.66248900361,813.961176470588
REL,254.94148139378837,785.6076470588234
PAX9,289.11791799075104,734.4576470588239
RFX8,349.4760744205704,780.5941176470589
REXO4,349.53866149379274,733.7470588235294
HES6,265.5618243184229,801.2682352941176
ZNF549,263.0553261252358,853.1435294117647
ZNF443,268.5702557168797,780.7452941176468
SAFB,362.3274214301517,831.3058823529411
USF3,328.10965962350565,709.7088235294118
ZNF66,324.8333544350057,873.4205882352941
ZNF440,241.92365615394408,779.838823529412
CREBL2,278.0725164962556,765.7888235294121
ZNF611,229.7240548414142,858.2799999999995
ZNF616,264.18661435887407,693.9035294117647
ZFP37,238.51249312261533,729.1517647058824
ZNF33A,270.8945788537543,693.6268823529413
MSX1,253.25196524224683,854.2905882352946
ZNF530,269.81491723941934,812.5117647058826
ZNF606,257.2483894379715,792.6211764705885
ZNF396,228.48488251700505,945.6923529411762
ZBTB37,277.85900384001764,711.2370588235295
ZNF131,257.6860581156134,843.3317647058823
GTF2IRD1,324.0545419966415,699.7764705882353
E2F2,315.8296847725132,767.5545294117649
SNAI3,287.8800952982352,763.866882352941
ZNF292,256.17063470114664,789.2923529411765
ELF4,318.88497619161046,795.3135294117646
OVOL1,320.072105089774,807.094294117647
ZNF76,269.18194890266426,763.229411764706
ZSCAN23,255.6460448296325,780.9076470588232
VSX2,280.34478611272885,716.5400000000002
ISL2,236.777433792053,757.4464705882356
ZNF320,272.20998786581805,822.511764705882
ZFP3,251.11748197659168,786.8317647058819
ZNF667,239.56927227907835,735.7452941176472
FOXE1,287.2041650956891,782.7611764705883
ETV7,269.2890150828182,716.6764705882355
ZFY,266.1674092979142,787.1129411764707
ETV3,275.97689648178783,802.2607647058821
MESP2,236.16440136182302,866.4329411764704
NR1D2,256.0422112188954,870.3817647058823
ZNF442,240.09373954030167,805.7629411764707
HELT,246.15069086000898,877.1547058823533
ZNF285,310.7722859068723,833.785294117647
FOXD4L6,280.2704156388129,942.4941176470588
ZNF484,264.899250948639,762.4935294117646
TBX22,266.37815918850356,800.7523529411765
KLF11,248.5829018165385,799.661176470588
ZNF429,267.687407845103,843.7764705882353
ZNF12,272.04762111283014,670.8964705882352
PRDM13,231.92350493045606,834.3870588235293
ZNF394,266.4755630244076,793.6617647058823
ZSCAN25,326.4955647118966,855.564705882353
ZNF20,219.73412277760534,989.9117647058823
ZNF467,289.6703290864986,782.0717647058826
HIVEP2,276.24664544521704,716.7252941176469
NOTO,240.8247635898198,855.7541176470589
ZNF570,259.9875550858401,889.2841176470588
ZNF613,249.53525362202592,805.814705882353
CGGBP1,299.8540328412112,854.7264705882353
ZNF225,267.1830121187444,1025.8676470588234
MIXL1,239.2456793014089,874.7764705882352
ZNF37A,263.14555637297855,825.8288235294119
BAZ2B,259.92046489523295,805.1476470588238
ZNF304,273.2738566477124,872.1535294117651
POU2AF1,296.2416215489887,950.7558823529412
POU4F3,261.6220548708548,829.4070588235293
ZNF296,265.3654484579598,790.9888235294118
NKX62,366.7430002919476,736.6117647058824
HOXD1,265.36656535180407,819.6041176470588
TRERF1,254.89134690145605,755.7962941176474
FOXD4L3,244.1119229283311,775.7511764705881
ZNF462,256.5908845750161,698.6605882352942
JDP2,274.7491692707494,732.042941176471
ZKSCAN4,222.66942254888227,867.138823529412
ZFP90,233.20456900439342,772.1988235294118
ZNF700,272.18749448238174,781.0813529411762
NKX23,295.3035068608028,853.3911764705882
OVOL3,315.6497818204752,1003.25
PLSCR1,335.1298380662919,721.214705882353
ZNF688,234.10022283641052,974.3458823529414
NR1H4,328.36289395881494,751.8815294117647
BHLHE23,300.09969031944945,1019.6205882352941
ZNF788P,247.56059632636067,813.275294117647
MYSM1,307.7300175534487,794.6235294117647
VENTX,256.01841392031196,834.0699999999998
ZNF852,294.8977286189021,798.035294117647
TCF20,274.9905040185685,835.0457058823528
EEA1,303.7938804383476,703.5674705882351
ZBED3,242.34145783628617,740.1217647058821
ZNF790,262.1050378513125,909.9629411764703
KLF7,262.733707995555,719.3513529411763
LIN54,328.2553056315348,725.9441176470589
TEAD3,290.32871213915575,671.8245294117647
ZBTB3,234.06576768243096,917.2970588235294
ZNF414,253.85517239498617,858.7947058823527
ZNF354B,254.78195657798497,689.1154705882354
ZNF765,248.59569813918773,802.8929411764703
ATF5,307.88732241870696,767.969411764706
ZNF621,276.29749545324296,804.5294117647062
TRAFD1,272.4567478542397,723.5815882352939
PCGF6,275.3004301983371,771.7133529411766
ZNF345,276.03541525142157,847.9005882352943
ZSCAN20,232.89703036134065,928.4305882352942
ZNF135,253.55924860215248,824.4747058823529
ZNF2,291.5816020087747,915.7117647058824
LEUTX,255.94537862780965,894.585882352941
ZNF41,281.8794228849367,795.3888235294116
ZNF341,261.69312412321005,831.4423529411769
MLXIPL,327.32503829594793,761.0189999999999
ZNF492,297.7298903077523,845.6617647058823
ASH1L,323.7556672877608,758.7219411764705
HNF1A,325.4975462193971,813.102941176471
ZNF397,338.2252498939938,870.3470588235294
ZNF417,281.34006203046636,797.2423529411763
ZNF160,247.8350971578141,793.7011764705879
PURB,312.4070704289841,933.5529411764705
ZNF724,308.18750248248307,966.2
ZNF573,262.12459464483715,736.3178235294118
ZNF268,250.01252178108453,803.83
ZNF446,266.93599811697663,802.5829411764706
HOXA3,278.19234650438614,693.898588235294
MGA,301.13578638370564,700.1241176470586
ZNF548,257.3087757188942,821.8482352941177
ZNF888,468.3676298819095,759.9235294117647
ZFAT,255.40440982275365,806.6541176470587
CSRNP1,391.5682590515904,714.2705882352941
ZNF331,272.93774284094087,826.1794117647058
ZNF684,234.5616152649996,875.0441176470584
NFE4,425.69697568359675,927.5705882352942
SHOX,251.67516023813528,824.8382352941175
IKZF4,254.1922523817386,806.7035294117645
ZNF773,257.9455847245224,813.201
ZNF45,261.64006184317094,773.7739411764707
ZNF333,264.3965798758604,881.257647058823
ZNF510,261.9890897843431,825.8776470588234
ZBTB7C,292.34627463781453,730.8833529411764
BORCS8MEF2B,462.7868653073565,793.2117647058824
ZNF114,241.5176172548975,851.0258823529413
ZFP82,261.62883575377697,773.5694117647058
L3MBTL3,323.96423730653123,635.6323529411765
ZNF81,294.8922781419774,764.3245294117648
ZNF648,222.7462871839372,946.6111764705889
ZFP69,313.0941780963264,860.8117647058823
ZNF486,260.2353530091469,787.5470588235294
CCDC17,351.56098085489924,966.4264705882352
HOXC6,287.6672792268273,731.0435294117647
ZKSCAN7,305.5936791506991,1017.6029411764706
ZNF736,350.0616100614925,849.6411764705882
NR1I3,328.4084773258205,861.9029411764706
ZNF669,239.80097195894328,873.6988235294118
CARF,343.812496252224,835.5764705882353
NFIL3,275.1611215386693,744.069176470588
CENPBD1,309.18969337565574,889.6911764705883
ZNF224,258.11095077475943,798.9411764705883
ZNF564,257.0464839835355,903.7464705882351
TET2,344.9617996173869,700.7
ZNF469,359.35016232969286,713.2558823529412
MBNL2,278.703658879866,654.689411764706
ETV3L,299.7173368391446,767.0229411764705
ZNF813,296.86104885423424,825.0852941176471
ZNF619,276.39924770064283,813.0035294117649
ZNF286B,334.19315353627235,789.7941176470588
ZNF630,316.72294943188524,947.7588235294118
ARID3C,409.17959871494696,899.6911764705883
TIGD1,339.94278429999514,848.55
GPBP1L1,322.4395418848337,921.5264705882353
